,Country Name,Happiness Rank_x,Happiness Score_x,Happiness Rank_y,Happiness Score_y,GDP(billions) 2015,"GDP, 2016 (billions)",Total Population 2015,Total Population 2016,GDP/Pop 2015,GDP/Pop 2016,Unnamed: 0,GDI 2015,GDI 2016,GDI/Pop 2015,GDI/Pop 2016,CPI 2015,CPI 2016,CPI 2015,CPI 2016,CPI 2015,CPI 2016,CPI 2015,CPI 2016,CPI 2015,CPI 2016
0,Switzerland,1,7.587000000000001,2,7.5089999999999995,679.0,669.0,8282.4,8372.41,81.98106828938472,79.90530802958766,35,667374979129.682,665608700930.587,80577487.09669685,79500251.53218572,4310.12,4686.786917,4310.12,4686.786917,4310.12,4686.786917,4310.12,4686.786917,4310.12,4686.786917
1,Iceland,2,7.561,3,7.501,16.94,20.3,330.82,335.44,51.20609394837072,60.517529215358934,112,1891027293517.17,2063428904961.98,5716181892.017321,6151409804.918853,99.99916667,100.1825,99.99916667,100.1825,99.99916667,100.1825,99.99916667,100.1825,99.99916667,100.1825
2,Denmark,3,7.527,1,7.526,301.0,307.0,5683.48,5728.01,52.96051011000303,53.596275146167685,56,1928782890026.64,1958050042864.58,339366530.72178316,341837748.6883892,6550.406614,6498.085301,6550.406614,6498.085301,6550.406614,6498.085301,6550.406614,6498.085301,6550.406614,6498.085301
3,Norway,4,7.522,4,7.497999999999999,387.0,371.0,5190.24,5236.15,74.5630259872376,70.85358517231171,175,2739875024280.78,2682281911178.56,527889851.7757907,512262236.79202473,122.58,131.79,122.58,131.79,122.58,131.79,122.58,131.79,122.58,131.79
4,Canada,5,7.4270000000000005,6,7.404,1560.0,1540.0,35832.51,36264.6,43.53588403380059,42.4656552119698,33,1819117077204.9,1834327473258.8,50767224.434037685,50581764.95146231,126.56666670000001,128.375,126.56666670000001,128.375,126.56666670000001,128.375,126.56666670000001,128.375,126.56666670000001,128.375
5,Finland,6,7.406000000000001,5,7.412999999999999,232.0,239.0,5479.53,5495.3,42.3393977220674,43.491711098575145,73,188854446348.82895,194006594202.899,34465446.18768927,35304095.172765635,113.38833329999999,114.20833329999999,113.38833329999999,114.20833329999999,113.38833329999999,114.20833329999999,113.38833329999999,114.20833329999999,113.38833329999999,114.20833329999999
6,Netherlands,7,7.377999999999999,7,7.3389999999999995,758.0,777.0,16939.92,17030.31,44.74637424497873,45.62453648817901,174,655601829907.864,673532298439.057,38701589.49439336,39549033.366923854,100.0,98.875,100.0,98.875,100.0,98.875,100.0,98.875,100.0,98.875
7,Sweden,8,7.364,10,7.291,498.0,514.0,9799.19,9923.08,50.82052700274206,51.79843355087332,221,3923266794284.06,4057650455120.79,400366437.8672176,408910384.18724734,106.89166670000002,107.40833329999998,106.89166670000002,107.40833329999998,106.89166670000002,107.40833329999998,106.89166670000002,107.40833329999998,106.89166670000002,107.40833329999998
8,New Zealand,9,7.2860000000000005,8,7.334,176.0,185.0,4595.7,4693.2,38.296668625019045,39.41873348674679,178,234232455545.985,243284336255.565,50967742.79130165,51837623.850584894,127.3769768,130.0604367,127.3769768,130.0604367,127.3769768,130.0604367,127.3769768,130.0604367,127.3769768,130.0604367
9,Australia,10,7.284,9,7.313,1350.0,1200.0,23850.78,24210.81,56.6019224528506,49.56463662306217,11,1617016000000.0,1626980501364.26,67797195.73112494,67200581.11910589,114.85833329999998,117.51945829999998,114.85833329999998,117.51945829999998,114.85833329999998,117.51945829999998,114.85833329999998,117.51945829999998,114.85833329999998,117.51945829999998
10,Israel,11,7.278,11,7.267,299.0,318.0,8380.1,8546.0,35.67976515793367,37.21039082611748,113,1071553389313.74,1128490547898.01,127868806.97291678,132048975.88322139,105.520675,104.6494417,105.520675,104.6494417,105.520675,104.6494417,105.520675,104.6494417,105.520675,104.6494417
11,Costa Rica,12,7.226,14,7.087000000000001,54.84,57.44,4807.85,4857.27,11.406345871855402,11.825572801182556,46,26630769928379.8,28146836988608.0,5539018465.297337,5794785340.038334,106.59898319999999,105.7329811,106.59898319999999,105.7329811,106.59898319999999,105.7329811,106.59898319999999,105.7329811,106.59898319999999,105.7329811
12,Austria,13,7.2,12,7.119,382.0,391.0,8633.17,8731.47,44.24794137031936,44.78054668916002,12,312226020660.319,317699484984.51,36165860.35724062,36385566.80427351,119.5175,124.83416670000001,119.5175,124.83416670000001,119.5175,124.83416670000001,119.5175,124.83416670000001,119.5175,124.83416670000001
13,Mexico,14,7.187,21,6.778,1150.0,1050.0,125890.95,127540.42,9.134890156917555,8.232684195331958,152,13789232825562.2,14138158358722.8,109533154.09536746,110852374.16281678,123.4108333,98.57083333,123.4108333,98.57083333,123.4108333,98.57083333,123.4108333,98.57083333,123.4108333,98.57083333
14,United States,15,7.119,13,7.104,18100.0,18600.0,320896.62,323127.51,56.40445823330891,57.562415530636805,249,16751041592703.2,17027627212182.5,52200741.761328615,52696309.30582945,100.0,100.25,100.0,100.25,100.0,100.25,100.0,100.25,100.0,100.25
15,Brazil,16,6.983,17,6.952000000000001,1800.0,1800.0,205962.11,207652.86,8.73947154648979,8.6683130682621,27,1856833043317.75,1789139424339.53,9015410.860365288,8616011.473858487,110.66666670000001,111.70833329999999,110.66666670000001,111.70833329999999,110.66666670000001,111.70833329999999,110.66666670000001,111.70833329999999,110.66666670000001,111.70833329999999
16,Luxembourg,17,6.946000000000001,20,6.871,57.78,58.63,569.6,582.01,101.43960674157303,100.73710073710073,142,46365819137.3523,47286734191.1938,81400665.62035166,81247288.17579389,108.935,113.06,108.935,113.06,108.935,113.06,108.935,113.06,108.935,113.06
17,Ireland,18,6.94,19,6.907,291.0,305.0,4646.55,4749.78,62.62711043677567,64.21350041475606,109,246424001291.768,258277811035.01105,53033756.50574469,54376794.5115376,100.9025,102.8941667,100.9025,102.8941667,100.9025,102.8941667,100.9025,102.8941667,100.9025,102.8941667
18,Belgium,19,6.937,18,6.928999999999999,455.0,468.0,11274.2,11338.48,40.35763069663479,41.275373771440265,15,383809450775.834,391940851664.458,34043164.9940425,34567318.693904124,123.55833329999999,124.375,123.55833329999999,124.375,123.55833329999999,124.375,123.55833329999999,124.375,123.55833329999999,124.375
19,United Arab Emirates,20,6.901,28,6.5729999999999995,358.0,349.0,9154.3,9269.61,39.10730476388146,37.64991191646682,6,1198851856078.97,1259462734346.14,130960516.48722132,135870088.8544545,195.0433333,195.35,195.0433333,195.35,195.0433333,195.35,195.0433333,195.35,195.0433333,195.35
20,United Kingdom,21,6.867000000000001,23,6.725,2890.0,2650.0,65128.86,65595.56,44.37356956654853,40.399075791105375,79,1772900357271.75,1815163515267.94,27221424.6844141,27672048.462852363,112.67,111.7141667,112.67,111.7141667,112.67,111.7141667,112.67,111.7141667,112.67,111.7141667
21,Singapore,24,6.797999999999999,22,6.739,297.0,297.0,5535.0,5607.28,53.65853658536585,52.966857371131816,206,400518392608.80896,402433395289.60297,72361046.54179023,71769805.55449398,100.575,103.0,100.575,103.0,100.575,103.0,100.575,103.0,100.575,103.0
22,Panama,25,6.7860000000000005,25,6.7010000000000005,52.13,55.19,3969.25,4034.12,13.133463500661335,13.680802752520997,183,36180201170.7264,37658175457.8353,9115122.799200455,9334917.022258956,107.675,109.05,107.675,109.05,107.675,109.05,107.675,109.05,107.675,109.05
23,Germany,26,6.75,16,6.994,3380.0,3480.0,81686.61,82487.84,41.37765051089769,42.188036442704764,53,2829916057119.76,2907015813062.02,34643573.250496745,35241749.73016653,123.8725,127.34166670000002,123.8725,127.34166670000002,123.8725,127.34166670000002,123.8725,127.34166670000002,123.8725,127.34166670000002
24,Chile,27,6.67,24,6.705,243.0,247.0,17762.68,17909.75,13.680368052568644,13.791370622147154,37,140833083338237.0,143889045245586.0,7928594296.482119,8034118022.059828,108.45833329999999,112.65,108.45833329999999,112.65,108.45833329999999,112.65,108.45833329999999,112.65,108.45833329999999,112.65
25,Qatar,28,6.611000000000001,36,6.375,165.0,152.0,2481.54,2569.8,66.49096931743998,59.14857187329753,198,581097445297.291,,234168075.1860905,,119.2275,121.12916670000001,119.2275,121.12916670000001,119.2275,121.12916670000001,119.2275,121.12916670000001,119.2275,121.12916670000001
26,France,29,6.575,32,6.478,2430.0,2470.0,66624.07,66892.2,36.47330461798566,36.92508244608489,75,2114123822329.48,2144629240514.21,31732132.581054863,32060976.324806333,107.35833329999998,107.22083329999998,107.35833329999998,107.22083329999998,107.35833329999998,107.22083329999998,107.35833329999998,107.22083329999998,107.35833329999998,107.22083329999998
27,Argentina,30,6.574,26,6.65,585.0,545.0,43417.76,43847.43,13.473748991196228,12.429462798617845,7,748006243955.723,739601651707.802,17228116.88018274,16867616.909538414,105.7244371,108.23,105.7244371,108.23,105.7244371,108.23,105.7244371,108.23,105.7244371,108.23
28,Czech Republic,31,6.505,27,6.596,187.0,195.0,10546.06,10566.33,17.731740574204963,18.454846668616256,52,4338574613813.33,4490172208468.42,411392938.5773768,424950972.42547035,142.7956695,153.1679636,142.7956695,153.1679636,142.7956695,153.1679636,142.7956695,153.1679636,142.7956695,153.1679636
29,Uruguay,32,6.485,29,6.545,53.27,52.42,3431.55,3444.01,15.523597208258659,15.220629440681066,248,705381191085.7809,728110547975.888,205557602.56612343,211413598.6759295,151.0185333,177.37826669999998,151.0185333,177.37826669999998,151.0185333,177.37826669999998,151.0185333,177.37826669999998,151.0185333,177.37826669999998
30,Colombia,33,6.477,31,6.481,292.0,282.0,48228.7,48653.42,6.05448622915401,5.796098198235602,43,543796931528407.0,553455166271422.0,11275380251.352556,11375462737.694946,114.664725,117.11273329999999,114.664725,117.11273329999999,114.664725,117.11273329999999,114.664725,117.11273329999999,114.664725,117.11273329999999
31,Thailand,34,6.455,33,6.474,399.0,407.0,68657.6,68863.51,5.811446948334925,5.91024186829861,231,10066466492946.1,10569009024770.3,146618385.91716138,153477640.40447983,154.1426142,122.4876232,154.1426142,122.4876232,154.1426142,122.4876232,154.1426142,122.4876232,154.1426142,122.4876232
32,Saudi Arabia,35,6.4110000000000005,34,6.379,652.0,646.0,31557.14,32275.69,20.66093441927881,20.015063969197872,203,2153502186242.67,2119572272456.72,68241361.10695298,65670858.5457575,99.53395157,99.51671948,99.53395157,99.51671948,99.53395157,99.51671948,99.53395157,99.51671948,99.53395157,99.51671948
33,Spain,36,6.329,37,6.361000000000001,1200.0,1240.0,46444.83,46484.53,25.837106089095382,26.675541303741266,68,1056422302482.5,1092410836277.17,22745745.92010564,23500524.503037248,172.6533333,183.69916669999998,172.6533333,183.69916669999998,172.6533333,183.69916669999998,172.6533333,183.69916669999998,172.6533333,183.69916669999998
34,Malta,37,6.3020000000000005,30,6.4879999999999995,10.29,11.0,431.87,437.42,23.826614490471666,25.147455534726348,157,8438663582.675429,8944212022.37962,19539823.517899897,20447652.193268757,103.6805833,102.5513667,103.6805833,102.5513667,103.6805833,102.5513667,103.6805833,102.5513667,103.6805833,102.5513667
35,Kuwait,39,6.295,41,6.239,115.0,111.0,3935.79,4052.58,29.219038617405907,27.38995898908843,125,29943033040.4638,28840126843.5668,7607883.815057155,7116485.508877506,121.1019009,126.32159720000001,121.1019009,126.32159720000001,121.1019009,126.32159720000001,121.1019009,126.32159720000001,121.1019009,126.32159720000001
36,Suriname,40,6.269,40,6.269,4.83,3.28,553.21,558.37,8.730861698089333,5.874241094614681,218,,,,,158.4033333,164.14583330000002,158.4033333,164.14583330000002,158.4033333,164.14583330000002,158.4033333,164.14583330000002,158.4033333,164.14583330000002
37,Trinidad and Tobago,41,6.167999999999999,43,6.167999999999999,23.56,21.89,1360.09,1364.96,17.322383077590455,16.037099988278044,240,74149014323.1907,,54517726.27046056,,118.31483329999999,117.26566670000001,118.31483329999999,117.26566670000001,118.31483329999999,117.26566670000001,118.31483329999999,117.26566670000001,118.31483329999999,117.26566670000001
38,El Salvador,42,6.13,46,6.068,26.05,26.8,6312.48,6344.72,4.126745748105341,4.223984667566103,209,9610754016.42783,9874235957.68815,1522500.509534736,1556291.8391494267,100.0008333,99.90666667,100.0008333,99.90666667,100.0008333,99.90666667,100.0008333,99.90666667,100.0008333,99.90666667
39,Guatemala,43,6.122999999999999,39,6.324,63.77,68.76,16252.43,16582.47,3.923720945114054,4.146547528806022,90,242634096594.117,252439146392.068,14929096.547046626,15223253.616142105,101.4457958,104.2237997,101.4457958,104.2237997,101.4457958,104.2237997,101.4457958,104.2237997,101.4457958,104.2237997
40,Uzbekistan,44,6.002999999999999,49,5.987,66.9,67.22,31298.9,31847.9,2.13745530993102,2.1106572175873444,250,3188658512200.0,3437373876200.0,101877654.23704986,107930942.89419396,100.0,103.55,100.0,103.55,100.0,103.55,100.0,103.55,100.0,103.55
41,Japan,46,5.987,53,5.921,4390.0,4950.0,127141.0,126994.51,34.52859423789336,38.97806290996359,117,524721430845827.0,534252531018354.0,4127082773.0301557,4206894699.7657933,151.52625830000002,162.2034083,151.52625830000002,162.2034083,151.52625830000002,162.2034083,151.52625830000002,162.2034083,151.52625830000002,162.2034083
42,Ecuador,48,5.975,51,5.976,99.29,98.61,16144.37,16385.07,6.150131593862133,6.018283718043316,64,68599573974.3416,67813642894.9079,4249132.915954081,4138745.9983331105,122.85,122.03333329999998,122.85,122.03333329999998,122.85,122.03333329999998,122.85,122.03333329999998,122.85,122.03333329999998
43,Bahrain,49,5.96,42,6.218,31.13,32.18,1371.86,1425.17,22.691819865000802,22.579762414308465,20,10568328901.0792,,7703649.717230039,,235.5907299,256.4034009,235.5907299,256.4034009,235.5907299,256.4034009,235.5907299,256.4034009,235.5907299,256.4034009
44,Italy,50,5.9479999999999995,50,5.977,1830.0,1860.0,60730.58,60627.5,30.133089458391474,30.679147251659725,114,1568264210261.92,1593600332236.06,25823303.684271086,26285107.125249434,107.6249,108.59946670000001,107.6249,108.59946670000001,107.6249,108.59946670000001,107.6249,108.59946670000001,107.6249,108.59946670000001
45,Bolivia,51,5.89,59,5.822,33.0,33.81,10724.7,10887.88,3.0770091471090097,3.1052877144127233,26,41383274603.7384,42543154948.5023,3858688.3179705166,3907386.465363533,100.0,100.2908333,100.0,100.2908333,100.0,100.2908333,100.0,100.2908333,100.0,100.2908333
46,Moldova,52,5.888999999999999,55,5.897,6.51,6.75,3554.11,3551.95,1.83168219329171,1.900364588465491,148,23905299782.6501,24978570908.0344,6726100.143960119,7032354.314681908,107.544875,107.6961,107.544875,107.6961,107.544875,107.6961,107.544875,107.6961,107.544875,107.6961
47,Paraguay,53,5.877999999999999,70,5.537999999999999,27.28,27.42,6639.12,6725.31,4.108978298328695,4.077135477769797,193,27179480392090.0,28327742014216.4,4093837796.589006,4212109481.0821204,284.75,292.5083333,284.75,292.5083333,284.75,292.5083333,284.75,292.5083333,284.75,292.5083333
48,Kazakhstan,54,5.855,54,5.919,184.0,137.0,17544.13,17794.4,10.487838382410526,7.699051386953198,118,14242357936343.1,,811801892.5043931,,140.9,146.6583333,140.9,146.6583333,140.9,146.6583333,140.9,146.6583333,140.9,146.6583333
49,Slovenia,55,5.848,63,5.768,43.07,44.71,2063.53,2065.04,20.872000891675913,21.65091233099601,220,37173604836.0509,38613271822.4608,18014569.614229452,18698558.779714096,100.95831190000001,102.4441259,100.95831190000001,102.4441259,100.95831190000001,102.4441259,100.95831190000001,102.4441259,100.95831190000001,102.4441259
50,Lithuania,56,5.832999999999999,60,5.813,41.51,42.77,2904.91,2868.23,14.289599333542174,14.911635398834822,141,34322316552.2081,35838265996.6339,11815277.08335477,12494906.613707375,116.67875,119.97108329999999,116.67875,119.97108329999999,116.67875,119.97108329999999,116.67875,119.97108329999999,116.67875,119.97108329999999
51,Nicaragua,57,5.827999999999999,48,5.992000000000001,12.75,13.23,6082.04,6149.93,2.096336097756674,2.1512439978991633,173,181368970299.545,190785285616.62305,29820417.211913276,31022350.76116688,239.8151583,243.876225,239.8151583,243.876225,239.8151583,243.876225,239.8151583,243.876225,239.8151583,243.876225
52,Peru,58,5.824,64,5.742999999999999,189.0,192.0,31376.67,31773.84,6.023583764625118,6.042706830524733,184,484178691226.498,502136316014.093,15431168.802377626,15803450.763712948,123.10833329999998,129.2,123.10833329999998,129.2,123.10833329999998,129.2,123.10833329999998,129.2,123.10833329999998,129.2
53,Belarus,59,5.813,61,5.8020000000000005,56.45,47.41,9489.62,9501.53,5.94860489671873,4.989722707816529,23,2495319000.79965,2360833409.07503,262952.46814937267,248468.7633544313,120.42166670000002,124.6675,120.42166670000002,124.6675,120.42166670000002,124.6675,120.42166670000002,124.6675,120.42166670000002,124.6675
54,Poland,60,5.791,57,5.835,477.0,471.0,37986.41,37970.09,12.557122402459195,12.404500489727573,188,1697000075221.99,1753701360853.08,44673873.50428718,46186389.36207631,100.50555329999999,99.95786083,100.50555329999999,99.95786083,100.50555329999999,99.95786083,100.50555329999999,99.95786083,100.50555329999999,99.95786083
55,Malaysia,61,5.77,47,6.005,296.0,297.0,30723.16,31187.26,9.634425625489044,9.52311937630943,167,1054869492819.49,1091157579883.11,34334667.81475245,34987285.830275245,100.325,100.33333329999999,100.325,100.33333329999999,100.325,100.33333329999999,100.325,100.33333329999999,100.325,100.33333329999999
56,Croatia,62,5.7589999999999995,74,5.4879999999999995,48.92,50.71,4203.6,4174.35,11.6376439242554,12.147999089678633,97,322782037831.359,334676520387.591,76787048.6800264,80174523.0724762,119.925,120.7,119.925,120.7,119.925,120.7,119.925,120.7,119.925,120.7
57,Libya,63,5.754,67,5.615,,,6234.96,6293.25,,,130,,,,,135.1,135.6333333,135.1,135.6333333,135.1,135.6333333,135.1,135.6333333,135.1,135.6333333
58,Jamaica,65,5.709,73,5.51,14.19,14.06,2871.93,2881.36,4.94092822596651,4.87964016991976,115,814560149071.727,836306245603.067,283628134.7636353,290247051.9487558,108.25,109.30833329999999,108.25,109.30833329999999,108.25,109.30833329999999,108.25,109.30833329999999,108.25,109.30833329999999
59,Cyprus,67,5.689,69,5.546,19.68,20.05,1160.98,1170.12,16.95119640303881,17.13499470139815,51,15628351428.672,16114852560.4736,13461344.233898949,13771965.747507608,100.0,99.88333333,100.0,99.88333333,100.0,99.88333333,100.0,99.88333333,100.0,99.88333333
60,Algeria,68,5.605,38,6.355,166.0,159.0,39871.53,40606.05,4.163371709086659,3.9156726645413675,58,6685396358528.34,6645633467691.55,167673434.1152281,163661165.45912614,192.02231730000003,233.7125,192.02231730000003,233.7125,192.02231730000003,233.7125,192.02231730000003,233.7125,192.02231730000003,233.7125
61,Kosovo,69,5.5889999999999995,77,5.401,6.44,6.65,1801.8,1816.2,3.5742035742035747,3.661491025217487,259,4896604308.3137,5125430991.30321,2717618.1087322123,2822063.093989214,114.8047211,101.1083333,114.8047211,101.1083333,114.8047211,101.1083333,114.8047211,101.1083333,114.8047211,101.1083333
62,Turkmenistan,70,5.547999999999999,65,5.6579999999999995,35.8,36.18,5565.28,5662.54,6.432740131673518,6.389358838966259,233,,,,,137.30833330000002,141.7,137.30833330000002,141.7,137.30833330000002,141.7,137.30833330000002,141.7,137.30833330000002,141.7
63,Mauritius,71,5.477,66,5.648,11.69,12.17,1262.6,1263.47,9.258672580389673,9.632203376415744,165,305347277734.546,324957412978.933,241840074.23930463,257194403.491126,117.79416670000002,141.1816667,117.79416670000002,141.1816667,117.79416670000002,141.1816667,117.79416670000002,141.1816667,117.79416670000002,141.1816667
64,Estonia,73,5.428999999999999,72,5.517,22.57,23.34,1315.41,1315.79,17.158148410001445,17.73839290464284,69,17990358450.0709,18513837639.9911,13676616.758326985,14070510.978188846,128.2323093,136.702126,128.2323093,136.702126,128.2323093,136.702126,128.2323093,136.702126,128.2323093,136.702126
65,Indonesia,74,5.399,79,5.314,861.0,932.0,258162.11,261115.46,3.335113739192789,3.5693022542594757,104,8876309316386750.0,9357896539497460.0,34382695882.00511,35838155808.53566,100.0,100.3166667,100.0,100.3166667,100.0,100.3166667,100.0,100.3166667,100.0,100.3166667
66,Vietnam,75,5.36,96,5.061,193.0,205.0,93571.57,94569.07,2.0625923023414057,2.1677277782260096,255,3038876171254130.0,3352351117999830.0,32476490148.17353,35448705565.14757,99.99916667,100.9708333,99.99916667,100.9708333,99.99916667,100.9708333,99.99916667,100.9708333,99.99916667,100.9708333
67,Turkey,76,5.332000000000001,78,5.388999999999999,860.0,864.0,78271.47,79512.43,10.987400645471459,10.866225570014652,242,1506254725774.56,1567469248460.61,19243981.565371905,19713512.069252696,100.4834167,101.09375,100.4834167,101.09375,100.4834167,101.09375,100.4834167,101.09375,100.4834167,101.09375
68,Nigeria,78,5.268,103,4.875,481.0,405.0,181181.74,185989.64,2.6547929167696482,2.177540641511,172,58577020870731.5,,323305322.4388479,,190.3386048,197.04456340000002,190.3386048,197.04456340000002,190.3386048,197.04456340000002,190.3386048,197.04456340000002,190.3386048,197.04456340000002
69,Bhutan,79,5.252999999999999,84,5.196000000000001,2.06,2.21,787.39,797.76,2.616238458705343,2.7702567188126754,30,59299017324.6967,64037424167.4324,75310859.07199317,80271540.52275422,98.5306533,98.30030959999999,98.5306533,98.30030959999999,98.5306533,98.30030959999999,98.5306533,98.30030959999999,98.5306533,98.30030959999999
70,Azerbaijan,80,5.212000000000001,81,5.291,53.07,37.85,9649.34,9757.81,5.499858021377627,3.878944148328365,13,,,,,105.01666670000002,108.03333329999998,105.01666670000002,108.03333329999998,105.01666670000002,108.03333329999998,105.01666670000002,108.03333329999998,105.01666670000002,108.03333329999998
71,Pakistan,81,5.194,92,5.132000000000001,271.0,279.0,189380.51,193203.48,1.4309814668890688,1.4440733676225708,182,10946599115038.4,11598940692452.2,57802141.91543998,60034843.53621476,101.0682583,100.1982458,101.0682583,100.1982458,101.0682583,100.1982458,101.0682583,100.1982458,101.0682583,100.1982458
72,Jordan,82,5.192,80,5.303,37.52,38.65,9159.3,9455.8,4.096382911357855,4.087438397597242,116,,,,,103.127253,109.02970400000001,103.127253,109.02970400000001,103.127253,109.02970400000001,103.127253,109.02970400000001,103.127253,109.02970400000001
73,Montenegro,82,5.192,88,5.1610000000000005,4.05,4.37,622.16,622.3,6.50957952938151,7.022336493652579,160,1731642362.11041,1788216317.24167,2783274.9808898196,2873559.8862954685,159.59890719999999,169.6497132,159.59890719999999,169.6497132,159.59890719999999,169.6497132,159.59890719999999,169.6497132,159.59890719999999,169.6497132
74,China,84,5.14,83,5.245,11100.0,11200.0,1371220.0,1378665.0,8.094981111710739,8.123800923357017,38,,,,,101.075,100.66666670000001,101.075,100.66666670000001,101.075,100.66666670000001,101.075,100.66666670000001,101.075,100.66666670000001
75,Zambia,85,5.129,106,4.795,21.15,21.06,16100.59,16591.39,1.3136164575335436,1.2693330697428005,262,,,,,103.69333329999999,112.80833329999999,103.69333329999999,112.80833329999999,103.69333329999999,112.80833329999999,103.69333329999999,112.80833329999999,103.69333329999999,112.80833329999999
76,Romania,86,5.124,71,5.528,178.0,188.0,19815.48,19699.31,8.982876014106145,9.543481472193696,199,434865322401.682,458608328558.521,21945737.494205642,23280425.992510445,173.125,200.3011024,173.125,200.3011024,173.125,200.3011024,173.125,200.3011024,173.125,200.3011024
77,Serbia,87,5.122999999999999,86,5.1770000000000005,37.16,38.3,7095.38,7058.32,5.2372106920277695,5.426220403722132,212,3225082047328.68,3367498691537.57,454532674.40625876,477096347.5072779,115.16666670000001,117.05,115.16666670000001,117.05,115.16666670000001,117.05,115.16666670000001,117.05,115.16666670000001,117.05
78,Portugal,88,5.102,94,5.122999999999999,199.0,205.0,10358.08,10325.45,19.212054743736292,19.853856248395953,192,175484026311.352,179337887758.823,16941752.36253746,17368529.968071416,112.80833329999999,115.16666670000001,112.80833329999999,115.16666670000001,112.80833329999999,115.16666670000001,112.80833329999999,115.16666670000001,112.80833329999999,115.16666670000001
79,Latvia,89,5.098,68,5.56,26.97,27.57,1977.53,1959.54,13.638225463077678,14.069628586300865,143,21345928175.0123,22203716316.9724,10794237.34406674,11331086.028849833,100.0916667,100.04166670000001,100.0916667,100.04166670000001,100.0916667,100.04166670000001,100.0916667,100.04166670000001,100.0916667,100.04166670000001
80,Philippines,90,5.073,82,5.279,293.0,305.0,101716.36,103320.22,2.880559233539226,2.9519875199646304,185,7203729885141.63,7611189355478.17,70821742.78691874,73666019.63757114,116.40106670000002,115.49479170000001,116.40106670000002,115.49479170000001,116.40106670000002,115.49479170000001,116.40106670000002,115.49479170000001,116.40106670000002,115.49479170000001
81,Morocco,92,5.013,90,5.151,101.0,104.0,34803.32,35276.79,2.902021991005456,2.9481140432562034,146,915496983038.042,938301731110.54,26304875.02451036,26598274.13748643,109.6991667,109.43666670000002,109.6991667,109.43666670000002,109.6991667,109.43666670000002,109.6991667,109.43666670000002,109.6991667,109.43666670000002
82,Albania,95,4.959,109,4.655,11.34,11.86,2880.7,2876.1,3.9365432013052386,4.123639650916171,3,647431583777.0021,654861245230.657,224748007.0042011,227690707.98326102,141.5083333,144.0333333,141.5083333,144.0333333,141.5083333,144.0333333,141.5083333,144.0333333,141.5083333,144.0333333
83,Bosnia and Herzegovina,96,4.949,87,5.162999999999999,16.21,16.91,3535.96,3516.82,4.584327877012184,4.808321153769598,22,27104002178.1684,28125950828.7602,7665245.69796276,7997552.001171569,100.1184311,100.0746506,100.1184311,100.0746506,100.1184311,100.0746506,100.1184311,100.0746506,100.1184311,100.0746506
84,Dominican Republic,98,4.885,89,5.155,68.1,71.58,10528.39,10648.79,6.468225436177801,6.721890468306727,57,2118891492868.8,2268466916184.06,201255034.51798424,213025791.30436978,107.73333329999998,108.35166670000001,107.73333329999998,108.35166670000001,107.73333329999998,108.35166670000001,107.73333329999998,108.35166670000001,107.73333329999998,108.35166670000001
85,Mongolia,100,4.874,101,4.907,11.75,11.18,2976.88,3027.4,3.947085539222273,3.6929378344453987,161,15686437944057.7,16628517767344.8,5269422329.438103,5492672843.808152,102.7666667,103.5268667,102.7666667,103.5268667,102.7666667,103.5268667,102.7666667,103.5268667,102.7666667,103.5268667
86,Greece,102,4.857,99,5.033,196.0,193.0,10820.88,10770.52,18.11312943124774,17.919283377218555,87,188462754616.297,187701843061.352,17416582.996604435,17427370.55047964,100.0,99.755,100.0,99.755,100.0,99.755,100.0,99.755,100.0,99.755
87,Lebanon,103,4.8389999999999995,93,5.129,49.46,49.6,5851.48,6006.67,8.45256242865053,8.257487093514376,128,65645307919915.3,66834513783549.6,11218581951.901964,11126716430.825998,106.38499409999999,106.9195887,106.38499409999999,106.9195887,106.38499409999999,106.9195887,106.38499409999999,106.9195887,106.38499409999999,106.9195887
88,Hungary,104,4.8,91,5.145,123.0,126.0,9843.03,9814.02,12.496152099505943,12.838775547634913,99,29945342809478.8,30943147973043.3,3042289092.8381605,3152953425.104422,100.2776707,99.95951690000001,100.2776707,99.95951690000001,100.2776707,99.95951690000001,100.2776707,99.95951690000001,100.2776707,99.95951690000001
89,Honduras,105,4.788,104,4.871,20.84,21.52,8960.83,9112.87,2.3256774205068056,2.3614953357175072,95,175615314304.336,181476287482.88895,19598108.02172745,19914284.685602773,152.71911599999999,102.94754809999999,152.71911599999999,102.94754809999999,152.71911599999999,102.94754809999999,152.71911599999999,102.94754809999999,152.71911599999999,102.94754809999999
90,Tajikistan,106,4.7860000000000005,100,4.996,7.85,6.95,8548.65,8734.95,0.9182736455463728,0.795654239577788,232,,,,,100.617575,100.1802833,100.617575,100.1802833,100.617575,100.1802833,100.617575,100.1802833,100.617575,100.1802833
91,Tunisia,107,4.739,98,5.045,43.16,42.06,11273.66,11403.25,3.8283929087802893,3.6884221603490235,241,,,,,260.585,280.84583330000004,260.585,280.84583330000004,260.585,280.84583330000004,260.585,280.84583330000004,260.585,280.84583330000004
92,Bangladesh,109,4.694,110,4.643,195.0,221.0,161200.89,162951.56,1.2096707406516178,1.3562312628366369,18,8045274672499.17,8645601650995.7,49908376.26578345,53056268.07743172,237.017,240.0071667,237.017,240.0071667,237.017,240.0071667,237.017,240.0071667,237.017,240.0071667
93,Ukraine,111,4.681,123,4.324,91.03,93.27,45154.03,45004.64,2.0159883846469517,2.072452973737819,246,1018555358119.25,1044784653989.38,22557352.203540858,23215043.02643861,100.0083333,100.65,100.0083333,100.65,100.0083333,100.65,100.0083333,100.65,100.0083333,100.65
94,Iraq,112,4.677,112,4.575,180.0,171.0,36115.65,37202.57,4.983988935544563,4.596456642645925,111,,,,,313.34583330000004,316.43,313.34583330000004,316.43,313.34583330000004,316.43,313.34583330000004,316.43,313.34583330000004,316.43
95,South Africa,113,4.6419999999999995,116,4.459,318.0,295.0,55291.22,56015.47,5.751365225798961,5.266402299221983,261,3084192548466.05,3095781070564.43,55780873.49973558,55266537.45053697,118.2321083,122.35455,118.2321083,122.35455,118.2321083,122.35455,118.2321083,122.35455,118.2321083,122.35455
96,Ghana,114,4.633,124,4.276,37.54,42.69,27582.82,28206.73,1.3609920958045623,1.5134685941972004,81,34901584651.098,36080465016.4906,1265337.7954501389,1279143.8432065893,100.0008333,99.94583333,100.0008333,99.94583333,100.0008333,99.94583333,100.0008333,99.94583333,100.0008333,99.94583333
97,Zimbabwe,115,4.61,131,4.1930000000000005,16.3,16.62,15777.45,16150.36,1.0331200542546484,1.02907922795529,263,14095705871.5654,14182495050.2365,893408.3690054729,878153.4931875512,99.46091667,98.9315,99.46091667,98.9315,99.46091667,98.9315,99.46091667,98.9315,99.46091667,98.9315
98,Liberia,116,4.571000000000001,150,3.622,2.03,2.1,4499.62,4613.82,0.4511492081553553,0.455154297306787,129,709015614.6179402,697725541.21891,157572.33157865336,151225.13258404317,146.05833330000002,160.1375,146.05833330000002,160.1375,146.05833330000002,160.1375,146.05833330000002,160.1375,146.05833330000002,160.1375
99,India,117,4.565,118,4.404,2090.0,2260.0,1309053.98,1324171.35,1.5965728166534432,1.706727758458148,107,112522770605889.0,120910256765245.0,85957319.0449251,91310128.98386979,110.9901211,110.41492269999999,110.9901211,110.41492269999999,110.9901211,110.41492269999999,110.9901211,110.41492269999999,110.9901211,110.41492269999999
100,Sudan,118,4.55,133,4.138999999999999,97.16,95.58,38647.8,39578.83,2.513985272124157,2.41492737405325,204,26778496864.6351,28048117008.6726,692885.4130024244,708664.632296422,91.74166667,97.79166667,91.74166667,97.79166667,91.74166667,97.79166667,91.74166667,97.79166667,91.74166667,97.79166667
101,Haiti,119,4.518,136,4.0280000000000005,8.72,8.02,10711.06,10847.33,0.8141117685831282,0.739352448943657,98,17525126391.691,17917262552.8536,1636171.0597915614,1651767.0756631908,99.99914004,100.18728809999999,99.99914004,100.18728809999999,99.99914004,100.18728809999999,99.99914004,100.18728809999999,99.99914004,100.18728809999999
102,Nepal,121,4.513999999999999,107,4.793,21.41,21.13,28656.28,28982.77,0.7471311698517742,0.7290538482001547,176,766419173550.001,771403391983.938,26745243.05143588,26615930.49884252,100.2030833,100.0,100.2030833,100.0,100.2030833,100.0,100.2030833,100.0,100.2030833,100.0
103,Ethiopia,122,4.512,115,4.508,64.46,72.37,99873.03,102403.2,0.6454194891253424,0.7067161963688636,70,776376110248.8829,832797317299.683,7773631.282127747,8132532.160124713,163.45833330000002,162.6083333,163.45833330000002,162.6083333,163.45833330000002,162.6083333,163.45833330000002,162.6083333,163.45833330000002,162.6083333
104,Sierra Leone,123,4.507,111,4.635,4.25,3.74,7237.02,7396.19,0.5872582913961824,0.5056657549359874,208,7964970857006.63,8736929149517.97,1100587100.3543766,1181274297.917978,105.80833329999999,105.65,105.80833329999999,105.65,105.80833329999999,105.65,105.80833329999999,105.65,105.80833329999999,105.65
105,Mauritania,124,4.436,130,4.2010000000000005,4.84,4.74,4182.34,4301.02,1.1572469000607315,1.1020641615244755,164,903542984127.088,,216037668.895185,,103.50916670000001,104.3758333,103.50916670000001,104.3758333,103.50916670000001,104.3758333,103.50916670000001,104.3758333,103.50916670000001,104.3758333
106,Kenya,125,4.419,122,4.356,63.77,70.53,47236.26,48461.57,1.3500222075160058,1.4553800052288854,119,4021094084415.28,4245806958347.84,85127274.77609953,87611832.59947707,97.97676849,96.4537223,97.97676849,96.4537223,97.97676849,96.4537223,97.97676849,96.4537223,97.97676849,96.4537223
107,Armenia,127,4.35,121,4.36,10.55,10.57,2916.95,2924.82,3.616791511681723,3.613897607374129,8,1963830270702.4,1927503144536.18,673247834.4511905,659015988.8595469,155.8175,183.662025,155.8175,183.662025,155.8175,183.662025,155.8175,183.662025,155.8175,183.662025
108,Botswana,128,4.332,137,3.9739999999999998,14.43,15.58,2209.2,2250.26,6.531776208582293,6.923644378871774,31,90503941843.7168,100619931708.587,40966839.50919645,44714802.604404375,126.65,131.35,126.65,131.35,126.65,131.35,126.65,131.35,126.65,131.35
109,Myanmar,129,4.3069999999999995,119,4.395,59.69,63.23,52403.67,52885.22,1.1390423609644134,1.1956081491199242,158,,,,,114.2103815,123.1727838,114.2103815,123.1727838,114.2103815,123.1727838,114.2103815,123.1727838,114.2103815,123.1727838
110,Georgia,130,4.297,126,4.252,13.99,14.38,3717.1,3719.3,3.763686745043179,3.8663189309816364,80,11103475447.4875,11494603162.0051,2987133.907478276,3090528.63764824,182.6583333,184.70833330000002,182.6583333,184.70833330000002,182.6583333,184.70833330000002,182.6583333,184.70833330000002,182.6583333,184.70833330000002
111,Malawi,131,4.292,132,4.156000000000001,6.37,5.43,17573.61,18091.58,0.36247532521775544,0.3001396229627263,166,1214932001982.42,1211430004641.17,69133888.93815328,66960984.31652569,109.45833329999999,113.79166670000001,109.45833329999999,113.79166670000001,109.45833329999999,113.79166670000001,109.45833329999999,113.79166670000001,109.45833329999999,113.79166670000001
112,Sri Lanka,132,4.271,117,4.415,80.61,81.32,20966.0,21203.0,3.844796336926452,3.8353063245767105,136,8904714503735.69,9445918215856.84,424721668.59370834,445499137.66244584,173.94166669999998,198.1416667,173.94166669999998,198.1416667,173.94166669999998,198.1416667,173.94166669999998,198.1416667,173.94166669999998,198.1416667
113,Cameroon,133,4.252,114,4.513,30.92,32.22,22834.52,23439.19,1.3540902107861257,1.3746208806703646,40,14524924062562.7,15196179816282.0,636095002.7661059,648323590.3750087,154.48,171.2925,154.48,171.2925,154.48,171.2925,154.48,171.2925,154.48,171.2925
114,Bulgaria,134,4.218,129,4.217,50.2,53.24,7177.99,7127.82,6.993601272779706,7.469324421772717,19,82539685029.8619,87814262826.6397,11498996.937842194,12319932.718087675,,,,,,,,,,
115,Angola,137,4.033,141,3.866,103.0,95.34,27859.3,28813.46,3.6971496053382533,3.308870229399732,2,,,,,,,,,,,,,,
116,Mali,138,3.995,135,4.073,13.1,14.03,17467.9,17994.84,0.7499470457238706,0.7796679492565646,156,4598707763470.64,4805679280752.5,263266206.2108576,267058739.1025705,,,,,,,,,,
117,Comoros,140,3.9560000000000004,138,3.9560000000000004,0.57,0.62,777.42,795.6,0.7331944122867947,0.7792860734037204,44,,,,,,,,,,,,,,
118,Uganda,141,3.931,145,3.739,27.06,24.08,40144.87,41487.96,0.6740587278025809,0.5804093524964833,245,54162039019002.1,55725159612805.0,1349164638.4457614,1343164609.9929955,,,,,,,,,,
119,Senegal,142,3.904,128,4.218999999999999,13.64,14.68,14976.99,15411.61,0.9107303937573571,0.9525286456119769,205,5753278986709.23,6190459285944.43,384141205.0558377,401675054.45209354,,,,,,,,,,
120,Gabon,143,3.8960000000000004,134,4.121,14.26,14.21,1930.18,1979.79,7.387912008206488,7.177528929835994,78,7267993667296.21,7051050925839.55,3765448645.8756227,3561514567.625632,,,,,,,,,,
121,Niger,144,3.845,142,3.8560000000000003,7.22,7.53,19896.96,20672.99,0.3628695036829747,0.3642433919815179,171,3061085517227.14,3222382802309.51,153846895.0647305,155874056.06588644,,,,,,,,,,
122,Cambodia,145,3.819,140,3.907,18.05,20.02,15517.64,15762.37,1.1631923411034153,1.270113567946952,121,46136995483170.9,49402562556271.6,2973196664.1300416,3134209040.6627684,,,,,,,,,,
123,Tanzania,146,3.781,149,3.6660000000000004,45.63,47.34,53879.96,55572.2,0.8468825886284994,0.8518647813115192,244,44288288873893.6,48707078388640.0,821980730.3846105,876464822.1348084,,,,,,,,,,
124,Madagascar,147,3.681,148,3.695,9.74,10.0,24234.09,24894.55,0.40191317272486815,0.40169434675461096,149,687206694128.87,716204497807.41,28357024.923521783,28769529.788946178,,,,,,,,,,
125,Chad,149,3.667,144,3.763,10.89,9.6,14009.41,14452.54,0.7773346629158544,0.6642431019045787,227,4956385211667.01,4480320311427.64,353789717.8872636,310002277.20716494,,,,,,,,,,
126,Guinea,150,3.656,151,3.6069999999999998,8.77,8.2,12091.53,12395.92,0.7253010991991914,0.6615079800450471,83,,,,,,,,,,,,,,
127,Burkina Faso,152,3.5869999999999997,145,3.739,10.42,11.69,18110.62,18646.43,0.5753530249102461,0.6269296589213056,17,4839970773574.43,,267244896.83812204,,,,,,,,,,,
128,Afghanistan,153,3.575,154,3.36,19.22,19.47,33736.49,34656.03,0.5697095340979457,0.5618069928956086,1,480161578637.437,497064381559.892,14232707.037318852,14342796.378000943,,,,,,,,,,
129,Rwanda,154,3.465,152,3.515,8.26,8.38,11629.55,11917.51,0.7102596403128237,0.7031670206276313,201,5996454763044.52,6419345487693.71,515622252.1975932,538648214.9118154,,,,,,,,,,
130,Benin,155,3.34,153,3.484,8.29,8.58,10575.95,10872.3,0.7838539327436305,0.7891614469799398,16,4085520691775.56,4291360121158.52,386302950.7302474,394705823.16147643,,,,,,,,,,
131,Burundi,157,2.905,157,2.905,3.07,3.01,10199.27,10524.12,0.30100193445217155,0.28600966161541297,14,1703095318380.45,1690312852455.92,166982079.93125486,160613224.90202695,,,,,,,,,,
132,Togo,158,2.839,155,3.303,4.09,4.4,7416.8,7606.37,0.5514507604357674,0.5784625254885051,230,1555243512581.0,1634786875180.43,209691984.76175708,214923396.4664393,,,,,,,,,,
